S.no,Tiktoker name,Tiktok name,Folowers,Views (Avg.),Likes (Avg.),Comments (Avg.),Shares (Avg.)
1,khaby.lame,Khabane lame,150.4M,19.7M,2.1M,13.3K,7.8K
2,daniel.labelle,Daniel LaBelle,27.4M,10.3M,1.5M,7.3K,26.1K
3,mrbeast,MrBeast,47.6M,18M,2M,12.1K,2.1K
4,tommyinnit,Tommy,11.8M,7.9M,2M,20.3K,11.8K
5,enhypen,enhypen,12.9M,5.7M,1.3M,33.7K,24.7K
6,lexibrookerivera,Lexi Rivera,24M,9.9M,1.5M,17.4K,3.1K
7,mollymaehague,Molly-Mae Hague,2.3M,6.7M,1.1M,17.9K,17.8K
8,mrizkybillar,Rizky Billar,6.1M,17.2M,921K,13.6K,3.3K
9,ytietofficial,Ytiet Official,3.4M,6.5M,760.5K,10.8K,39.3K
10,dreamwastakenwastaken,Dream,6.8M,9.1M,943.3K,17.9K,10K
11,txt.bighitent,TOMORROW X TOGETHER,18.3M,5.3M,1.5M,16.4K,10.3K
12,amauryguichon,Amaury Guichon,16.2M,10.5M,1.1M,5.4K,11K
13,larrayeeee,LARRAY,26.5M,10.7M,1.7M,6.5K,3.6K
14,miagillespiee,mia gillespieâ™¡,1.3M,9.2M,1.4M,6.8K,6.3K
15,taylorswift,Taylor Swift,14.6M,5M,829K,23.5K,14.8K
16,flowerandbros,Flower & Bro's ğŸ•ğŸ¶,1.1M,4.3M,589.5K,5.7K,52K
17,bp_tiktok,blackpinkofficial,34.9M,6.8M,991.5K,7.6K,12.4K
18,iamferv,Fernanda,32.3M,8.8M,1.2M,6.9K,5.3K
19,mrdoodleofficial,Mr Doodle,2.1M,9M,722.6K,9.9K,9.8K
20,pudgywoke,Pudgywoke,13M,6.3M,1.1M,6.7K,10.4K
21,winnermaxyt,WinnerMax,5.8M,11.6M,863.5K,2.7K,9.1K
22,lyodrabeneran,Lyodra Ginting,2M,9.4M,1.1M,8.8K,2.5K
23,dhar.mann,Dhar Mann,14.7M,10.3M,1M,7.7K,2.7K
24,charlidamelio,charli dâ€™amelio,147.8M,10.6M,941.4K,7.2K,2.9K
25,vibin.wit.tay,Tay,4.7M,4.1M,850.8K,4.9K,23.7K
26,lourdasprec,LOURD,10.3M,6.5M,1.2M,6.4K,5.9K
27,kimberly.loaiza,Kimberly Loaiza,68.4M,8.1M,946.9K,8.2K,4.3K
28,kyliejenner,Kylie Jenner,48.2M,9.9M,1M,6.2K,2.7K
29,leyla.tavas,leyla âœ®,1.3M,4.6M,1.1M,5.5K,11.4K
30,stickyboy69,stickyboy69,9.1M,4.7M,1M,11.6K,5.8K
31,jasonderulo,Jason Derulo,55.5M,8.3M,412.2K,1.2K,23.6K
32,miakhalifa,Mia K.,35.9M,7M,1.1M,5.9K,3.8K
33,therock,The Rock,60.9M,8.7M,767.1K,5.1K,5.5K
34,esnyrrr,Esnyr,5.6M,7.9M,1.3M,2.9K,4.1K
35,ramonvitor,ramonvitor,9.9M,6.8M,1.5M,5.1K,1.6K
36,morimura,MoriMurağŸ•,8.8M,5.7M,702K,5.6K,11.4K
37,b.blek,b.blek,2.8M,8.4M,626.5K,5.2K,7.6K
38,thehealchef,Harry Heal,2.8M,6.7M,871.1K,5.1K,6.1K
39,rubentuestaok,Ruben Tuesta,23.4M,8.4M,1.1M,2.1K,5.2K
40,cedricgrolet,Cedric Grolet,2M,10.9M,805.3K,2.1K,4.8K
41,nilered,NileRed,10.5M,5.7M,1.2M,4.9K,3.5K
42,domelipa,domelipa,59.6M,6.9M,948.3K,5.8K,2.2K
43,fedez,fedez,5.8M,4.5M,768.4K,4.3K,9.6K
44,surthycooks,Surthycooks,13.7M,9.3M,953.4K,4.4K,1K
45,gordonramsayofficial,Gordon Ramsay,34.5M,6.9M,1M,2.6K,3.8K
46,emiliamernes,EMILIA,4.7M,8.1M,1.2M,2.1K,2.3K
47,jdiasss_,JoÃ£o Dias,8M,5.5M,897.8K,4.7K,3.3K
48,surya.manurung,SURYAMANURUNG,2.1M,11.2M,348.4K,4.6K,5.4K
49,mangprii,MangPriiğŸŠ,17.2K,4.4M,449K,13K,6.2K
50,nicocaponecomedy,nicocapone.comedy,23.5M,8.3M,358K,1.9K,10.8K
51,dylanmulvaney,Dylan Mulvaney,8.2M,3.9M,804K,10.5K,1.5K
52,marktuan,Mark Tuan,2.5M,2.6M,786K,8.9K,9.2K
53,addisonre,Addison,88.8M,6.8M,403.9K,2.4K,10.9K
54,supermassivemusic,SUPERMASSIVE,1.8M,5.3M,461.4K,2.3K,12.5K
55,josh.zilberberg,Josh Zilberberg,2.6M,3.2M,385.5K,1.6K,27.8K
56,siscakohl,Sisca Kohl,12.7M,8.3M,849.4K,3.3K,1.7K
57,thekidke_,KEMANI,5M,2.7M,533.7K,6.4K,17.7K
58,billlnai,nai,8.8M,4.3M,913.4K,4.5K,3.3K
59,dexrated,Dexter Mayfield,813.5K,5.2M,276.7K,5.7K,15.2K
60,kallmekris,Kris HC,46.8M,4.5M,640.6K,4.7K,5.3K
61,iamdtg,DTG,2.5M,4.5M,563.6K,2.9K,8.3K
62,itspuffpuff,Puff Puff,3.9M,3.5M,168K,1.6K,46.7K
63,ericdamier,ericdamier,1.2M,11.8M,203.3K,5.5K,6.2K
64,dannero,Dannero,6.8M,5.2M,690.8K,3K,4.6K
65,pongamoslo_a_prueba,PongÃ¡moslo a Prueba,37.3M,7.7M,1M,1.4K,2.1K
66,conangray,conangray,6.6M,3.4M,748.9K,5.1K,5.5K
67,spriteder_spd,Prite Netijen Netirattanapaiboon,4.6M,8.3M,958.4K,2.2K,1.1K
68,adrianbliss,Adrian Bliss,7.5M,4.4M,738.2K,2.5K,5.2K
69,rayssabuq,Rayssa Buq,7.5M,4.6M,749.2K,5.5K,1.6K
70,hotspanishmx,HotSpanish,3.8M,7.3M,592.1K,3.1K,2.3K
71,thallyssonsb,Thallysson Borges,11.1M,3.9M,525.3K,4.6K,6.6K
72,ayesebastien,Sebastien,7.9M,4M,906.4K,2.1K,4.1K
73,karljacobs,Karl,11.3M,3.4M,830.3K,4.1K,3.8K
74,druski,DRUSKI,4M,3M,616.8K,2.4K,9.5K
75,calebwsimpson,CALEB SIMPSON,5M,5.7M,707K,2.6K,2.6K
76,rauwalejandro,rauwalejandro,11.5M,13.8M,514.5K,1.7K,1.3K
77,monicc249,monicca249,259.3K,4.5M,432.5K,1.4K,9.2K
78,vive.mexico,MÃ©xico,4.6M,2.6M,284.4K,2K,25.2K
79,bmbsh7,Ø¨Ù…Ø¨Ø´ Ø§Ù„Ø³ÙŠØ¯â™¦ï¸bimbshâ™¦ï¸,5M,4.1M,393.5K,5.3K,7.2K
80,jennmelon,Jenn Melon,2.2M,2.6M,634.6K,3.8K,8.5K
81,shxtsngigs,ShxtsNGigs Podcast,5.3M,3.1M,673.5K,1.6K,7.8K
82,saramohannad_,Sara,8.5M,3.1M,285.5K,5.9K,16.1K
83,davidyrodriguez,That French Guy,8.3M,3.9M,854.1K,2.2K,3.5K
84,straykids_japan,straykids_japan,8.3M,2M,564.4K,8.6K,7.5K
85,paralympics,paralympics,2.6M,5.8M,563.8K,1.2K,3.8K
86,nicoletv,Kayla Nicole,11M,2.7M,634.2K,5.2K,4.4K
87,olisboa,LISBOA,3.7M,4.1M,720K,2.5K,3.1K
88,luvadepedreiro,Iran Ferreira (Lai),20M,5.8M,608.7K,3.8K,834
89,frankielapenna,Frankie LaPenna,5.2M,10.8M,405.4K,1.4K,2.3K
90,worksbykeyes,Works By Keyes,875.6K,6.8M,491.6K,2K,2.8K
91,alexojeda,Alex Ojeda ğŸ‡²ğŸ‡½,8.2M,3M,423.3K,2.6K,9.8K
92,jypestraykids,Stray Kids,14.2M,1.9M,553.9K,8.2K,6.5K
93,nianaguerrero,Niana Guerrero,33.6M,5.4M,744.8K,2.2K,1.6K
94,oscar_mezar,Oscar Meza,6.2M,4M,518.7K,1.9K,5.1K
95,qamar_altaey,ğ‘„ğ´ğ‘€ğ´ğ‘…,4.2M,3.6M,356.2K,4.4K,6.9K
96,christian,Christian Del Grosso,4.6M,2.3M,379.4K,2.3K,14.2K
97,rish_art,Rish_art,2.8M,5.2M,382.4K,2.6K,4.6K
98,fadiljaidi,Fadil Jaidi,8.8M,5.5M,686.5K,2.2K,1.4K
99,duythamchannel,Duy Tháº©m,5.2M,7.4M,678.4K,2.1K,652
100,championsleague,Champions League,17.2M,4.5M,641K,2.5K,2.2K
101,anaraquelhz,Raquel,5.3M,3.2M,316.4K,2.1K,11K
102,imeyhou,Meyden,4.1M,5.5M,469.8K,4.1K,987
103,m7_x4,Ù…Ø­Ù…Ø¯ Ø´Ø§ÙŠÙ,2.4M,4.2M,364.8K,4.3K,4K
104,brentrivera,Brent Rivera,45.4M,4.5M,582.1K,2.4K,2.4K
105,priscillamaass,Priscilla Maass,411.9K,3.5M,540.9K,1.8K,4.7K
106,dojacat,Doja Cat,26M,3.8M,457.7K,5.1K,2K
107,jacksepticeye,Jacksepticeye,5M,2.3M,545.7K,6.1K,3.5K
108,mandoka__,Mandoka,2.2M,3.5M,687K,607,4.4K
109,initiaraandini,tiara andini,5.2M,4.7M,684.1K,2.9K,769
110,jindaouis,Louisa Jindaoui,2.2M,4.4M,567K,2.1K,2.6K
111,itsmacdoogle,ItsMacDoogle,1.9M,4.6M,379.6K,2.3K,4.3K
112,iamcardib,Cardi B,18.4M,2.6M,541.7K,4.6K,3.1K
113,stinkyturtletoes,Leah & Myrtle,697K,2.2M,427K,3K,8.3K
114,pitijustpretty,Piti,3.2M,4.8M,827.1K,1.7K,1K
115,abo.zizo,Û©â™¥Û© Ø¹Ø§Ø¦Ù„Ø© Ø§Ø¨Ùˆ Ø²ÙŠØ²Ùˆ Û©â™¥Û©,5.4M,6.2M,368.2K,1.4K,3.2K
116,blog_ribolova1,Ğ‘Ğ»Ğ¾Ğ³ Ğ Ñ‹Ğ±Ğ¾Ğ»Ğ¾Ğ²Ğ°,65K,4M,120.7K,1.6K,19.9K
117,zachking,Zach King,70M,7.3M,563.8K,1.3K,1.2K
118,jairsanchezzz,Jair Sanchez,7.2M,2.3M,398.6K,2.4K,8.8K
119,zodiac.boyfriend,Zodiac BoyfriendğŸªğŸ”®,2.2M,2.8M,364.9K,4.7K,5.2K
120,adamrayokay,ADAMRAY,7M,3.1M,543.8K,1.5K,4.5K
121,alexwaarren,Alex warren,15.6M,5.1M,820.8K,1.3K,1K
122,soysuco,soysuco,13.1M,3.9M,424.3K,5K,987
123,brookemonk_,Brooke Monk,24.5M,5.1M,655K,2K,884
124,keeganevansphoto,Keegan Evans,1M,4.9M,557.1K,1.8K,1.8K
125,thefrdishow,The FRDi Show,2M,3M,340.2K,7.2K,2.2K
126,wuesilva,Wue Silva,13.4M,3.2M,430.5K,3.3K,3.6K
127,jaxwritessongs,Jax,12.1M,2.9M,395.7K,5.2K,3.1K
128,naimdarrechi,Naim DarrechiğŸ†,28.2M,3.6M,415K,1.2K,5.2K
129,strangehuman,nova,10.8M,4.6M,560.8K,2.1K,1.6K
130,trainee_a,Trainee A,3.7M,2.8M,491.2K,2.7K,4.2K
131,spencer_serafica,Xspencer,13.8M,4.1M,687K,2.2K,1.2K
132,sonrixs_,Sonrixs,14.5M,6.9M,793.1K,1K,679
133,emillyvickof,Emilly Vick,12.8M,6.3M,472.4K,2.2K,886
134,laikacl,L Î› I K Î›,1.7M,9.6M,402.5K,1.3K,1.1K
135,joaoferdnan,JoÃ£o Ferdnan,8.3M,1.9M,370.7K,4.4K,8.8K
136,seventeen17_official,SEVENTEEN,6.2M,1.6M,462K,6.9K,5.3K
137,richboywest,PolimÃ¡ Westcoast,1.6M,8.5M,626.3K,1K,677
138,tooturnttony,Tooturnttony,18.2M,4.8M,486.9K,2.7K,1.1K
139,jamescharles,James Charles,37.1M,5.8M,470K,2K,1.2K
140,reymbayang,Rey,3.7M,4.4M,624.7K,1.7K,1.4K
141,hyundai_worldwide,Hyundai Worldwide,1.1M,3.2M,334.9K,3.8K,4.3K
142,anawoycick,Ana Woycick,12.7M,3.7M,231.8K,7.1K,2.6K
143,good.boy.ollie,Good Boy Ollie,4.6M,2.3M,397.5K,2.1K,7K
144,kallmewhateveryouwant,kallmewhateveryouwant,11.3M,3.2M,548.9K,2.2K,2.6K
145,dylan.page,Dylan Page,4.1M,2.7M,395.4K,4.8K,2.9K
146,mikaylanogueira,Mikayla Nogueira,13.6M,4.2M,432K,4K,562
147,mattsturniolo,Matt,3.4M,2.4M,528.8K,4.6K,1.9K
148,nicollefigueroaa,Nicolle Figueroa,13.5M,5.9M,697.4K,1.4K,520
149,abir.sag,Abir el saghir,15.8M,4M,316.3K,3.8K,2.5K
150,sofiedossi,Sofie Dossi,11.4M,3.9M,454.9K,4.3K,249
151,postmalone,Post Malone,13.3M,2.2M,320K,2.6K,8.7K
152,xaviermartinnn_,MARTINğŸ¦„,3.3M,2.1M,406K,5.6K,3.7K
153,itssassagurl,Sassa Gurl,6.8M,3M,444.4K,2.2K,3.7K
154,flossybaby,flossybaby,4.2M,2.3M,479.4K,2.3K,4.9K
155,matheusevitoriaofc,Matheus e Vitoria,8.4M,2.2M,370.1K,3.9K,5.7K
156,pete_pamana,petepamana,3M,3.4M,373.8K,3.5K,2.6K
157,youngswagonoriginal,YoungSwagon,5.4M,3.1M,444.4K,841,4.8K
158,douhalaribiii,Douha laribii,9M,5.6M,413.4K,2.5K,813
159,rafaelsantos,Rafael Santos,18.7M,3M,564.1K,3.3K,1.1K
160,elpugaa,Puga,10M,2.7M,223K,522,11.8K
161,mariabecerra_22,Maria Becerra,8.5M,3.9M,521.3K,2.1K,1.5K
162,ndshvv,ndshvv,3.6M,3.5M,497.9K,3.2K,974
163,bellapoarch,Bella Poarch,92M,5.2M,360.9K,2.9K,905
164,mdmotivator,Zachery Dereniowski,10.9M,3.3M,581.5K,2.5K,1.2K
165,ryanhallyall,Ryan Hall,1.5M,2.7M,211.6K,2.9K,9.4K
166,ani__mel,Melody ğŸŒ±,1.4M,2M,444.9K,1.2K,6.7K
167,fyp,jack neel,8.8M,4.8M,717K,702,1.3K
168,simuliu,Simu Liu,2.2M,2.4M,484.4K,2.3K,3.5K
169,hf37777,Ù†Ø¬Ù… Ø§Ù„Ø«Ø±ÙŠØ§Ø¡â­H,631.9K,2.4M,42.8K,5.7K,60.3K
170,somi_official_,JEON SOMI,7.1M,1.9M,504.7K,4.7K,2.4K
171,sugarcoatedsisters,sugarcoatedsisters,422.1K,2.6M,282.9K,2.1K,6.9K
172,sulemsi,Åulemsi,2.3M,5.5M,315.9K,1.9K,2K
173,ailutokman,Ailu Tokman | RECETAS FÃCILES,3.3M,2.7M,388.1K,566,5.8K
174,babybella777,Bella Hadid,6.2M,4M,485.8K,2.3K,1K
175,jaimeonod,Telma,1.9M,2.6M,381.7K,3.8K,2.8K
176,jonata_26,Jonata,6.1M,3.3M,557.5K,858,2.7K
177,daddyyankee,daddyyankee,12.9M,3.7M,443.8K,1.9K,2.1K
178,ditanganu,DitaKerangğŸŒŠ,9M,5.6M,451.6K,1.6K,993
179,lagranjadelborrego,La granja del borrego,12.5M,4.9M,664.2K,1.2K,693
180,jakepaul,Jake Paul,16.8M,3.8M,411.1K,2.9K,1K
181,eduincaz5,Eduin Caz,6.4M,5.3M,307.3K,1.6K,2.2K
182,lu.s.cas,Lucas,2.9M,7.9M,628.4K,782,448
183,graysworld,Gray,4.9M,2.6M,393.8K,2.2K,3.6K
184,marianagrimaldii,La NiÃ±a Fresa ğŸ“,2.4M,3.1M,558.6K,966,2.5K
185,adamsheey,Adam Shi,6.1M,2.1M,436.3K,1.5K,5K
186,fhd.artz,ÙÙ‡Ø¯ Ø¢Ø±Øª || FahadğŸ¨,2.3M,3.8M,231.8K,4.8K,2.1K
187,noordabashh,noor,7.9M,4.3M,823.4K,538,1.1K
188,lucasvarelaaaa,Lucas varela,3M,2.2M,339.1K,1K,6.9K
189,patrickzeinali,Patrick Zeinali,2.3M,2.8M,226.8K,933,8.4K
190,samsmith,Sam Smith,5.7M,3.4M,320.2K,2.7K,2.7K
191,ireniusx,ireniusx,6.3M,3.2M,510.8K,2.3K,1.3K
192,xqdez,Xudz,220.7K,1.6M,273.9K,1.9K,11.2K
193,yano4kaa.aaa,yano4kaa,4M,3.5M,534.6K,1K,2.1K
194,itskingchris,KingChristian,17.6M,2.3M,415.9K,3.3K,2.9K
195,karna.val,ğŸ€ĞšĞĞ ĞĞĞ’ĞĞ›ğŸ€,24.2M,3M,268.1K,4K,3.2K
196,janneksplace,Janneksplace,1.8M,2.7M,366.5K,3.8K,2K
197,devon_palmer,devon palmer,2.1M,1.8M,433K,1.2K,5.9K
198,davidcstt_,David Costa,5.6M,3.7M,501.8K,1.3K,1.7K
199,marisol.viola,marisol viola,1.4M,1.5M,304.4K,4.6K,7.3K
200,los_chicaneros,Los_chicaneros,4.6M,3M,290.6K,1.4K,4.9K
201,keybastos,key,999.1K,3.2M,706.6K,1.4K,908
202,frnzlynfby,Feby,4M,2.7M,495.9K,1.4K,2.4K
203,bigtugg,Tucker Lindgren,1.8M,1.5M,377.3K,3.7K,5.3K
204,montpantoja,Montpantoja,36.3M,3.9M,576K,1.3K,977
205,maiaknight,Maia Knight,8.8M,4.1M,715.4K,1.1K,576
206,vanessalopesr,Vanessa Lopes,26M,3.3M,350.6K,2.4K,2K
207,trishlikefish88,trishapaytas,7.4M,3.7M,382.3K,2.5K,1.1K
208,bayashi.tiktok,ãƒãƒ¤ã‚·ğŸ¥‘Bayashi,34.8M,3.5M,417.9K,2.6K,715
209,artmanee,Armanee Sinaga,1.1M,2.1M,630.1K,2K,1.6K
210,katiavlogss,KATIAVLOGSğŸ’,14.7M,4.3M,610.4K,1.1K,698
211,iniateng,ateng,643.3K,2.9M,343.3K,1.3K,3.5K
212,malikoendang,Malik rapper tiktokğŸ¥´,976.6K,3.4M,480.9K,1.1K,1.8K
213,hbbordie,HBB,1.3M,2.4M,361.4K,885,4.4K
214,com.yamato0515,ã€ã‚³ãƒ ãƒ‰ãƒƒãƒˆã€‘ã‚„ã¾ã¨,1.9M,2.9M,308.4K,3.1K,2K
215,jomaryee,Jomar Yee,9.1M,4.2M,443.1K,1.3K,1K
216,leanadeeb,Leana Deeb,11M,3.5M,528.3K,1K,1.4K
217,keniaos,KeniaOs,15.7M,2.5M,447.4K,2.8K,1.2K
218,skaijackson,Skai Jackson ğŸ¥°,20.5M,4.1M,417.7K,1.6K,935
219,williesalim,WILLIE SALIM,18.3M,2.7M,232.4K,4.7K,2.3K
220,hayleygeorgiamorris,Hayley Morris,3.6M,2.1M,333.8K,763,5.4K
221,larissagloor,ğ—Ÿğ—®ğ—¿ğ—¶ğ˜€ğ˜€ğ—® ğ—šğ—¹ğ—¼ğ—¼ğ—¿,3.6M,2M,458.9K,2.9K,1.8K
222,sucss.s,AÃ§ucena Guirra,11.7M,2.5M,440.8K,2.5K,1.4K
223,lisefalfio,Lisef Alfio,1.2M,3M,241.7K,919,5K
224,daviddobrik,DAVID DOBRIK,26.2M,4.3M,517.9K,1.1K,835
225,vhackerr,Vinnie,15M,2.2M,398.9K,3.1K,1.8K
226,dansurtiktok,Dan Sur beast ğŸ¤‘,5.5M,3.8M,159.9K,6.7K,206
227,sia,Sia,4.8M,3.4M,272.5K,2.6K,1.8K
228,oldtimehawkey,Old Time Hawkey,6.6M,2.1M,322.3K,3K,3.1K
229,ivanaalawi,Ivana Alawi,7.9M,4.9M,455.5K,1.3K,558
230,ryanbakery,ğ™ğ™®ğ™–ğ™£ğ˜½ğ™–ğ™ ğ™šğ™§ğ™®,3.1M,3.3M,356.5K,1.6K,1.8K
231,hannahbahng,hannahbahng,2.5M,1.3M,455.1K,5.1K,1.6K
232,saraisthreads,Sarai Marie,1.9M,2M,419.9K,1.6K,3.2K
233,lesdomakeup1,Les Do Makeup,1.5M,2.3M,411.8K,2K,2.2K
234,jacobday,Jacob Day,6M,2M,373.2K,3.9K,1.4K
235,thicc86,Andrew | Thicc86,6.1M,1.9M,359.1K,1.1K,4.6K
236,elmarianaa,ElMariana,9.1M,3.4M,575.4K,888,1.1K
237,herranwalt,Herr Anwalt,5.9M,2.2M,292.5K,2.9K,3K
238,jzgarcia,Jz Garcia,1.9M,1.5M,291.4K,1.5K,7.1K
239,iamdikeh,Dikeh,4.6M,1.9M,259.4K,6.1K,1.5K
240,jordanemel,Jordan e Mel,10.7M,2.1M,210.4K,2K,6.7K
241,justine_snacks,Justine Doiron,2M,2.5M,362.7K,800,3.3K
242,bilalfadilii,Bilal Fadili,1.4M,1.8M,276.4K,2.6K,4.7K
243,outtpig,OuttPig,2.2M,2.4M,398.3K,1.4K,2.5K
244,abbieherbert,AbbieHerbert,14M,4.9M,564.7K,811,495
245,hisoyvaleria,valeria ğŸ–¤,8.9M,2.4M,341.8K,1.3K,3.1K
246,wannabeteacher,Ğ¢Ğ²Ğ¾Ğ¹ Ğ£Ñ‡Ğ¸Ñ‚ĞµĞ»ÑŒ Ğ¥Ğ¸Ğ¼Ğ¸Ğ¸,1M,1.9M,238.8K,1.5K,6.6K
247,ash.e.e,Ashley Elliott,11.3M,3.9M,443.6K,1.6K,464
248,itsmatheuscosta,Matheus Costa,5.1M,2.5M,290.7K,1.7K,3.2K
249,animalize21,animalize21ğŸ”¥,12.4M,4.3M,451.4K,834,969
250,djadoni,Djadoni,1.2M,2.6M,143.1K,354,9.1K
251,ash.e.e,Ashley Elliott,11.3M,3.9M,443.6K,1.6K,464
252,itsmatheuscosta,Matheus Costa,5.1M,2.5M,290.7K,1.7K,3.2K
253,animalize21,animalize21ğŸ”¥,12.4M,4.3M,451.4K,834,969
254,djadoni,Djadoni,1.2M,2.6M,143.1K,354,9.1K
255,noah.bowman,Noah__nono,1.4M,2.6M,386.9K,1.5K,1.9K
256,sturniolo.triplets,Sturnioloâ€™s,4.3M,1.9M,464.2K,3.1K,897
257,happyhomebodies,Happy Homebodies,2.7M,2.3M,233.6K,0,6.4K
258,redswego,SUGO,1.5M,1.6M,305.5K,2.4K,4.7K
259,ryanhdlombard,Ryan Lombard,9.2M,2.6M,445.1K,1.2K,1.9K
260,fernandolozu,Fernando Lozada,4.6M,3.6M,185.2K,523,4.6K
261,halinhofficial,Ha Linh Official,2.8M,4.2M,309.5K,1.9K,791
262,imdimpey,Dimpey,8.3M,1.5M,342.9K,2.2K,4.7K
263,alejandrosago,Alejandro Sago,1.9M,2.2M,232.7K,1.2K,5.6K
264,vilmeijuga,VILMEIâœ¨,19.1M,2.5M,226.3K,3.6K,2.3K
265,justinyi_,Justin Yi,4.1M,3.5M,588.1K,1.1K,501
266,dafnnejm,dafnne â˜»,4.2M,3.1M,635.6K,1K,647
267,anokhinalz,Ğnokhina Liza,38.4M,3.7M,365.1K,1.9K,582
268,aurikatariina,á´€á´œÊ€Éª âœ¨,7.7M,2.7M,289.7K,2.7K,1.5K
269,danivallem,Dani Valle,5.1M,1.5M,116.1K,806,18.3K
270,tifannylm,âš¡ï¸TEF,9M,4.3M,449.9K,1.2K,509
271,julhamaier,JULHA,1.1M,2.4M,520.7K,1.4K,1.3K
272,lana_mohd89,ğ‘³ğ‘¨ğ‘µğ‘¨ ğŸ¦‹,5.9M,2.7M,205K,3.1K,2.8K
273,carloandsarah,carloandsarah,4.1M,3.4M,273.7K,1.3K,2.3K
274,sucss.s,AÃ§ucena Guirra,11.7M,2.3M,469.7K,1.7K,1.3K
275,isaach.p,Isaac H.P,3.3M,1.9M,262.5K,3.7K,3K
276,matt_and_abby,Matt & Abby,4.6M,4M,576.5K,853,547
277,axelwebber,Axel,4.3M,2.5M,580.5K,1.4K,760
278,mr_paul.boy,"ĞŸĞ°ÑƒĞ», Ğ»Ğ¸Ğ±Ğ¾ Ğ¿Ñ€Ğ¾ÑÑ‚Ğ¾ ĞŸĞ°ÑˆĞ°",9.1M,2.6M,353.7K,2.7K,833
279,farahchreim,Farah Chreim,3.4M,3.4M,154.9K,2.4K,3.6K
280,barbara.labres,BÃ¡rbara Labres,5.3M,3.6M,295.6K,1.1K,1.9K
281,austinandlexi,âš¡ï¸Austin & Lexi ğŸ’¥,4.3M,2.5M,387.2K,1.2K,2.1K
282,wisdm8,Wisdom Kaye,8.6M,1.9M,426.2K,2.3K,1.5K
283,felipenpv,Felipe Paiva,4.1M,2.2M,368.2K,1.9K,1.9K
284,kaylamalecc,kayla,8.8M,3.1M,413.1K,2.2K,202
285,kaan.etm,Kaan,3.4M,1.8M,328.2K,3.7K,1.4K
286,menwiththepot,menwiththepot,10.6M,3.6M,287.9K,870,2.1K
287,agnesmelo_oficial,Agnes Melo,5.9M,4.1M,351.5K,1.2K,921
288,nabil_zem,Chef N-Zem,725.4K,3.1M,427.5K,981,1.2K
289,ygnazz,NAS,2.2M,2.1M,397K,1.7K,1.9K
290,erictro,Eric Tro,4.7M,4.9M,493.8K,560,656
291,jesusangelperezoficial,ESE PÃ‰REZ,3.7M,1.5M,236.2K,822,7.4K
292,datvilla94,ğŸ”¥Äáº¡t VillağŸ”¥,7.1M,1.9M,187.1K,5.4K,3K
293,haileybieber,Hailey Bieber,10.1M,4.3M,339.3K,1.6K,363
294,cx_.q,Ù…ØµØ·ÙÙ‰ Ø§Ù„Ø¨ØµØ±Ø§ÙˆÙŠ 62,3.7M,3.2M,254.7K,2.3K,1.3K
295,melfouad,Melfouad,1.4M,1.8M,130.5K,2.8K,9.3K
296,lonely.moods,:),354.5K,815.5K,214K,5.4K,10.6K
297,juliagisella,Julia Gisella,12.6M,3.6M,262.9K,2K,927
298,_jess_pyke_,Jess and Pyke,2.7M,6.7M,330.3K,739,514
299,terryreloaded,Terry Reloaded,6.6M,1.5M,300.9K,2.2K,3.9K
300,egamberdiev.sh,ego,1.1M,1.5M,122.8K,2.5K,12.4K
301,dilanjaniyar_2,Emang Dilan namanya,2.6M,2.9M,349.4K,2.1K,587
302,florin,FloğŸ”¥,6M,3.1M,320.1K,1.1K,1.6K
303,sallyalawady1,Sally Alawady,4.7M,3.5M,293.8K,2K,614
304,kodasteven,StevenğŸ‡µğŸ‡·,6.2M,2.1M,426K,1.7K,1.2K
305,danbilzerian,Dan Bilzerian,5.2M,4.5M,174.7K,794,2.6K
306,maxtaylorlifts,Max Taylor,9.1M,2.2M,363.6K,1.7K,1.6K
307,joe.bartolozzi,Joe Bartolozzi,20.2M,2.2M,358.2K,2.6K,701
308,rawanfahmii,rawan,3.9M,3.8M,301.2K,1.2K,984
309,jesusnalgas,JESUSNALGAS,3.4M,1.6M,202.6K,2.7K,5.4K
310,fujiiian,Fuji,16.5M,3.6M,386.2K,1.1K,769
311,brittikitty,Brittany & Lily,14.3M,2.6M,393.9K,1.1K,1.4K
312,khairulaming,Khairulaming,2.1M,1.9M,214.5K,3.4K,2.8K
313,lucaslopezvilet,Lucas Lopez,2.6M,1.7M,224.7K,1.4K,5K
314,murphslife,Aaron Murphy,5.7M,2.2M,360.3K,1.9K,1.3K
315,simxmargo,Seamoan {790k},799.1K,2M,421.4K,1.6K,1.3K
316,pollerocho,pollerocho,3.7M,2.3M,287.6K,421,3.3K
317,k4554ndr4,kassandra ğŸª,1M,1.6M,454.3K,1.2K,2.1K
318,colewherld,colegonzales,5.6M,2.8M,310.7K,1.2K,1.6K
319,pkllipe,Pk,19.4M,1.7M,359.2K,1.3K,2.6K
320,gregisms,Gregismsâ€™ Neighborhood,2.5M,967.7K,182.4K,5.4K,8K
321,mikaylahau,Mikaylah,5M,1.7M,220.7K,4.3K,2K
322,sidetalknyc,Sidetalk,4M,2.2M,336.1K,886,2.4K
323,newt,newt,9.9M,2.5M,398.6K,1.4K,919
324,jimena.jimenezr,Jimena,24.4M,2.9M,377.2K,791,1.3K
325,itsandrewz,ItsAndrewzğŸ¥´,2M,1.4M,304.1K,1.3K,4.2K
326,charlieputh,Charlie Puth,19.6M,2.5M,227.2K,2.4K,1.7K
327,leleburnier,LELÃŠ BURNIER,2.5M,1.6M,369.1K,3.2K,782
328,carolvillanes,Carol Villanes,6.4M,2.4M,267K,3.4K,251
329,siganviendo59,jeancarlo MTB,10M,3.4M,283.7K,1.6K,809
330,pierson,Pierson,13.7M,3M,417.4K,1.5K,376
331,chinguamiga,Chingu Amiga,20.3M,3.4M,506K,964,360
332,libardoisaza,Libardo Isaza,19.9M,3.1M,379.5K,1K,928
333,anna..paull,Anna Paul,5.5M,2.7M,465.1K,1.5K,344
334,viniblogger,Viniblogger,1.7M,2M,253.6K,2.1K,2.3K
335,lance210,Lance Stewart,22.5M,2.3M,247.8K,1K,2.9K
336,dindahw14,Dinda Hauw,3.8M,3.3M,280K,1.3K,1.1K
337,kwo.owk,KWOOWK,2.6M,2M,268.2K,2K,2.2K
338,unnecessaryinventions,Unnecessary Inventions,5.5M,2.9M,362.5K,1.3K,831
339,maluborgesm,MALU BORGES,3.3M,1.7M,240.8K,4.3K,1.1K
340,elchimbatv,EL CHIMBA,4M,2.7M,298.8K,806,1.9K
341,aby_gyusseppe_10,â™›ğ“ğ“‘ğ“¨ ğ“£ğ“ğ“›ğ“”ğ“ğ“£â™›,22.6K,2.5M,114.1K,2.3K,5.4K
342,livvy,Olivia Dunne,6.1M,2.6M,321.9K,1.6K,1.1K
343,hunterprosper,Hunter Prosper,5.1M,1.8M,400.5K,1.2K,1.9K
344,rakib_hossain_vlogs,Rakib Hossain,1.7M,2.8M,233.5K,2.1K,1.2K
345,nessaabarrett,Ness,19.5M,2.3M,320.4K,1.5K,1.4K
346,rah_money1,General ock,3.5M,1.9M,238.1K,1.8K,3K
347,arigameplays,AriGameplays,23.5M,2.7M,381.8K,1.3K,747
348,jdpantoja,JD Pantoja,30.9M,2.2M,374K,2.4K,264
349,yass_ootd,Yass_ootd,650.4K,2.5M,409.7K,1.1K,991
350,rosalia,La Rosalia,26.3M,2.6M,420.6K,1.4K,576
351,madelineargy,madz,2.8M,2.5M,479.5K,1.1K,641
352,zachjustice,Zach Justice,4.6M,2.2M,309.2K,507,2.5K
353,thalita_karter,thalitaKarter,4.4M,3.3M,138.9K,595,4K
354,n.vv3,Ù†Ø§ØµØ± || ğŸ‡¸ğŸ‡¦ alsubaie,4.6M,2.7M,215.4K,2.3K,1.3K
355,anjelahjohnson,Anjelah Johnson-Reyes,2.8M,3M,236.3K,465,2.4K
356,antikfurqan,antikfurqan,627.5K,3.6M,218.2K,708,1.9K
357,alexandretete,Alexandre_tete,1.3M,2.2M,189.9K,362,4.4K
358,kiirolu,Arden,337.7K,2.4M,319.3K,1.6K,998
359,kaelimaee,kaeli mae,11.3M,3.3M,406.7K,720,778
360,manhtienkhoi_,Máº¡nh Tiáº¿n KhÃ´i ğŸ¯,4.9M,2.7M,245.1K,2.1K,889
361,venomlive85,ğŸ•¸ VENOM ğŸ•¸,928.5K,2.2M,188.6K,4.3K,516
362,thedombrack,Dom!,3.5M,2.5M,114K,6.8K,177
363,mieayamthebstt,UnaağŸœ,16.5M,2.6M,301.1K,1.7K,919
364,itsjaliyah_,ItsJaliyah,1.2M,1.4M,248K,2.2K,3.5K
365,official_wayv,WayV Official,3.9M,829K,297.3K,5.9K,2.1K
366,baylen.dupree,BAYYY,7.2M,1.6M,170.8K,2.9K,4.2K
367,yun_bao,YUNBAO,8.6M,1.8M,344.7K,1.3K,1.9K
368,jairitosolano,jairito,1.5M,4.2M,279.5K,460,1.2K
369,hola.margo,margoâœ¨,4.3M,3.4M,425.9K,860,455
370,younglex18,YoungLex,1.1M,3.5M,202.6K,1.9K,810
371,dansurtiktok,Dan Sur beast ğŸ¤‘,5.5M,3.1M,101.1K,5.8K,197
372,ayypatrick,Patrick Minor,10.2M,1.8M,177.4K,190,5.7K
373,chourouk.model_official,Chourouk_model_official,5.6M,4.2M,176.6K,741,1.8K
374,nmixx_official,NMIXX,2.6M,2.3M,307.4K,1.7K,939
375,jordymcfordy,Jordyn ğŸ™‹ğŸ»â€â™‚ï¸ğŸƒ,440.8K,1.1M,353.2K,1K,3.8K
376,sunnyjutt1296,SunNy Jutt,2.4M,2.6M,229.1K,1.7K,1.4K
377,joxgy,Joshy,53.7K,2.7M,222.6K,421,2.6K
378,soy_marcela4,Soy_marcela,4.9M,1.8M,305.5K,687,2.6K
379,karolsevillaokay,karolsevillaofc,26M,3.5M,423K,881,346
380,jennialarcon_,Jenni Alarcon,3.5M,2.6M,415.5K,1.3K,458
381,una_giulia_artistica,ğ“–ğ“²ğ“¾ğ“µğ“²ğ“ª ğŸŒ»,1.7M,3M,353K,1.3K,426
382,jakekrantz,Jake Krantz,2.4M,1.2M,256.9K,1.3K,4.6K
383,priimoraa,Prii Moraa,16.7M,3.2M,500.5K,409,711
384,dinosonso_ofc,DinoSonso,8.7M,1.4M,131.6K,3.7K,6.1K
385,tryguys,The Try Guys,2.4M,3.6M,247.8K,1.4K,654
386,leaelui,Lea Elui,17.4M,3.6M,366.7K,726,621
387,maisielousmith,Maisie Smith,2.6M,3.3M,190.9K,1.1K,1.7K
388,lights.are.off,LIGHTS ARE OFF,19.9M,2.1M,313.3K,1.8K,891
389,pokmindset,POKMINDSET,2.2M,5.1M,336.9K,427,592
390,paytonking,Payton King,5.3M,1M,264.9K,2.5K,3.7K
391,el_dandino,Dandino,2.3M,1.8M,343.7K,1.1K,1.8K
392,mndiaye_97,mndiaye_97,15.2M,1.5M,322.6K,2K,1.6K
393,gzfoodqood,Foodqood by Giallozafferano,18.9M,3.5M,215K,825,1.5K
394,victormelo,Victor Melo,22.3M,1.6M,319.2K,1.6K,1.8K
395,bettercallhall,BetterCallHall (Mr.Hall),849K,3M,369.7K,770,763
396,nisculas,nic,5.2M,2.2M,380.7K,1.2K,825
397,adher_94,Adher ğŸ¤£,2M,1.9M,145K,2.5K,3.7K
398,augustogimenez,AugustoGimenez,13.8M,3.2M,479.3K,782,340
399,philipdefranco,Philip DeFranco,2.2M,2.1M,203.3K,2.6K,1.3K
400,lejuanjames,LeJuan James,589.5K,1.4M,164.3K,1.1K,6.3K
401,williamlast_krm,William Last KRM,7.2M,1.9M,173.2K,2.8K,2.2K
402,vincentgiganteee,Vincent Gigante,2.3M,1.7M,314.7K,954,2.2K
403,najah_albaba,Najah albaba,1.2M,2.9M,116.6K,896,3.9K
404,anthonytrucco,Anthony Trucco,3M,1.2M,248.4K,1.8K,3.8K
405,maxthemeatguy,Max The Meat Guy,5.1M,2.4M,333.7K,1K,1K
406,ali.klose11,Ø¹Ù„ÙŠ ÙƒÙ„ÙˆØ²Ù‡,2.2M,2M,241.6K,2.4K,954
407,elsalsely00,ğŸ¥‡ Ø§Ù„Ø³Ù„Ø³ÙŠÙ„ÙŠ ğŸ¥‡,4.8M,3.3M,193.2K,689,1.8K
408,haijoel,Haijoel,902K,3.9M,223.1K,1.5K,352
409,aitch12,Aitch,2.1M,1.9M,278.8K,1.9K,1.1K
410,samkelly322,Samantha Kelly,2.6M,1.9M,364.4K,1.1K,1.2K
411,_chakabo352,Chakabo352,498.5K,1.6M,312.8K,2.5K,699
412,nada_m7amed,Ø¯ÙˆØ¯Ø§ğŸ¦¹ğŸ»ğŸ¤,6.5M,2.1M,202.5K,775,2.9K
413,chedurena,Che Durena,7.5M,1.6M,187.4K,1.1K,4.2K
414,afrae.es,Afraa,6.8M,3.7M,170.3K,555,2K
415,nathaliavalente,Nathalia,14.1M,3.1M,334.4K,1K,472
416,chris,Chris Olsen,8.2M,2.3M,444.9K,963,573
417,iitsace,PETER ACE ğŸ’œ,2.2M,3.2M,331.9K,978,515
418,xxlechuga,Daniel Lechuga,6.1M,1.9M,399.3K,1.3K,699
419,kikeperaltaxdd,P Æ R 4 L T A ğŸ‘‘,5.2M,2.3M,126.3K,5.1K,218
420,danielarodrice,Daniela Rodrice,11M,1.9M,316K,1.1K,1.5K
421,cocielo,JÃºlio Cocielo,5.2M,1.7M,195.9K,3K,1.6K
422,hesfinatia,PINATğŸ…|| IG: @hesfinatia,9.2M,4.4M,399.3K,626,248
423,pablitocastilloo,pablitocastilloo,6M,1.5M,137K,751,6.5K
424,davidrodp,David&Kevin,2.4M,1.2M,317K,2.3K,1.8K
425,ismab4c,Isma B4C,1.1M,2.9M,420.3K,651,582
426,mispastelitos_,Mis Pastelitos,10.2M,3M,384.1K,726,553
427,leen_mohd98,LEENğŸŒ¸,3.9M,2.2M,165.9K,1.8K,2.2K
428,thecoreyb,Corey B,8.9M,1M,149.8K,678,9K
429,jeremylynch,JeremyLynch,20.9M,2.5M,204.6K,2.1K,798
430,lachama4_ff,LA CHAMA á´°,9.8M,2.8M,345.7K,1.3K,201
431,mariajoserivss,Mariajoserivs,4.3M,2.1M,452.9K,867,636
432,megbeautyok,MEG Beauty,849.6K,2.3M,306.7K,293,1.7K
433,jakeandrich,Jake Andrich / Jakipz,14.8M,2.2M,195.2K,1.4K,2K
434,jack_papho69,à¹à¸ˆà¹‡à¸ à¹à¸›à¸›à¹‚à¸®,7.1M,2.5M,288.8K,1.5K,426
435,liammillerr,Liam Miller,4.9M,1.1M,269.8K,2.5K,2.4K
436,abdirackzman,AbdiRackzman,584.2K,1.3M,200.1K,999,4.3K
437,lindsey.wyatt,Lindsey Wyatt,3.3M,1.8M,294.5K,2K,633
438,bilalahy,Bilal,3.8M,1.7M,290.3K,1.1K,1.8K
439,naenano,ãªãˆãªã®ğŸŒ¨,3.6M,2.4M,204.7K,1.6K,1.2K
440,1625atoton,à¸—à¸™ à¹€à¹€à¸®à¹Šà¸°,3M,2.1M,326.7K,1.3K,717
441,cellat36,cellat36,8.6M,2M,159.5K,3K,1.3K
442,zeinabharake,Zeinab Harake,14.5M,2.7M,450.5K,752,369
443,official_nct,NCT Official,9.1M,1.3M,300.8K,2.2K,1.3K
444,bellekaffer,bellekaffer,8.1M,2.4M,270.9K,540,1.6K
445,luke.kidgell,luke.kidgell,2.2M,1.5M,329.3K,359,2.4K
446,bradtheboxer,Just brad,2.4M,5.2M,157K,636,1K
447,fintaylorcomedy,FinTaylorcomedy,50.3K,1.5M,123.4K,940,6.3K
448,ranaalkhodari,Rana Alkhodari,2M,4.1M,158.4K,783,1.3K
449,jaykindafunny8,Jaykindafunny,24.4M,2.7M,207.6K,1K,1.4K
450,cerenyaldz,Ceren YaldÄ±z,9.4M,2.7M,125.3K,3.5K,469
451,madambonez,Megan Young,1.5M,1.8M,275.9K,1.4K,1.3K
452,chefschwarz,Chefschwarz,4.5M,2M,246.5K,836,1.9K
453,quincybytheway,Quincy BTW,1.2M,2.2M,345.3K,773,961
454,sebasgal11,Sebastian Gallo,4.8M,3.6M,380.5K,437,521
455,beca,beca,26.1M,2.2M,248K,1.4K,1K
456,jimmydarts,Jimmy Darts,9M,1.7M,298.3K,2K,600
457,superduperdanni,SuperDuperDani,60.3K,4.4M,366K,406,417
458,marcelldegen,Marcelldegen,3.9M,2.7M,151.1K,3K,200
459,jombospice,JOMBOSPICE,9.4M,2M,248.1K,1.4K,1.2K
460,brunocampos,Bruno Campos,5.5M,4.5M,255.7K,711,414
461,_moody_day_,Always in a Mood,60.3K,2.7M,363.4K,401,911
462,tina_042,ğ’¯ğ’¾ğ“ƒğ’¶,1.1M,1.8M,249K,1.9K,968
463,leesiyoung38,ì´ì‹œì˜,17.4M,2.3M,282.2K,1.1K,882
464,brycehall,Bryce Hall,23M,2.9M,346.2K,883,379
465,daisiesforyu,Daisy (ìœ ì •ì•ˆ),548.7K,2M,347.5K,1.5K,357
466,emrata,Emrata,1.8M,2M,191.2K,1.6K,1.7K
467,dovecameron,Dove Cameron,12.2M,1.3M,339.4K,1.9K,935
468,virginiafonseca,Virginia,34.6M,2.6M,332.8K,886,600
469,jzgarcia,Jz Garcia,1.9M,1.3M,236.6K,1.1K,3K
470,lilnasx,lil nas x,28.6M,1.8M,247.6K,1.8K,1.1K
471,z4_pucho,PUCHO,781.5K,932.7K,172.1K,752,7K
472,keemokazi,KEEMOKAZI,30.9M,2.9M,331.4K,1K,248
473,maurorossiello,Mauro Rossiello,1.4M,1.6M,148.1K,2K,3.2K
474,mandrake1984real,Giuseppe Mandrake Ninno,1.4M,1.1M,166.8K,820,5.8K
475,tadhgfleming,Tadhg Fleming,2.9M,2.2M,232.2K,1.5K,868
476,jumpersjump,Jumpers Jump Podcast,7.8M,2.6M,286.8K,943,715
477,jeremyhutchins,jeremy hutchins,10.2M,1.8M,236.6K,2.5K,305
478,reem_alsawas,Ø±ÙŠÙ… Ø§Ù„Ø³ÙˆØ§Ø³,2.5M,2.9M,146.2K,758,2.1K
479,madisonbeer,Madison Beer,18M,1.4M,247.4K,2.3K,1.3K
480,logfive,Logan,2.7M,2.1M,194.5K,1.1K,1.9K
481,jjeverettrose,Jake Joseph Everett-Rose,4M,1.8M,334.7K,1.1K,905
482,daniuniverse,Dani Universe,10M,2.8M,330.8K,858,418
483,tyshonlawrence,tyshon,18.1M,1.8M,316.5K,1.6K,479
484,iamaseyat,Aseyat,364.1K,3.6M,165.1K,846,1.1K
485,mikaylahau,Mikaylah,5M,1.2M,188K,4.4K,726
486,lilyxgarcia,Lily Garcia,12.9M,1.9M,382.1K,1.1K,509
487,paigetaylor.s,Paige Taylor,4.8M,2.2M,387.7K,1K,334
488,cardncyn,Carddd,4.2M,3.5M,492.6K,433,233
489,sebasmorenooo,Sebastian Moreno ğŸ“¸,5.5M,1.8M,224.2K,1.8K,1K
490,nardwuar,Nardwuar,5M,2.9M,507.1K,650,130
491,dcyoungflyofficial,Dc Young Fly,2.5M,1.8M,330.3K,1.1K,797
492,landonbarkerr,Landon Barker,4.1M,3.2M,186.6K,1.5K,472
493,kopke613,kopke613,4M,1.2M,146.4K,1K,5.4K
494,ne_4_,Ù†ÙŠÙ Ø§Ù„Ø³ÙŠØ¯,3.1M,2.3M,147.1K,2.2K,1.1K
495,baileemadison,Bailee Madison,2.1M,2.7M,488.5K,357,495
496,riaricis,Ria Ricis,29.2M,2.3M,286K,1.1K,643
497,bigmerla,Big Merla,1.8M,997K,160.9K,495,6.5K
498,neil.james,Neil James,639.6K,880.1K,199.9K,2.6K,3.7K
499,incorrectlyroce,Roce OrdoÃ±ez,8.8M,2M,341.1K,966,701
500,saykolisttt,DERYA BAÅTÃœRK ğŸ¦,4.9M,3.8M,149.8K,1.4K,552
501,nizar_kw99,Nizar_senggolDong,78.5K,1.9M,281.8K,1.4K,659
502,attahalilintar,Atta Halilintar,12.6M,2.5M,270.8K,931,666
503,mrnigelng,Nigel Ng (Uncle Roger),5.9M,1.7M,205.4K,752,2.4K
504,itsqcp,QCP,11.1M,2.6M,317.5K,802,472
505,joannabounasr,Joanna Bou Nasr,931.8K,1.6M,157.7K,1.6K,2.7K
506,___rinrinrin___,ãƒªãƒ³ãƒªãƒ³ã€å¹³æˆãƒ•ãƒ©ãƒŸãƒ³ã‚´ã€‘,859K,1.5M,212K,1.8K,1.4K
507,odalys_jm,Odalys JimÃ©nez,3.5M,2.6M,519.4K,449,323
508,lkzinhu,LK,17.7M,2.1M,319K,654,896
509,rbplaying,RB playing,5M,2M,123.4K,699,3.5K
510,nikitadragun,Nikita Dragun,14.5M,2.1M,278K,1.1K,636
511,lareynatortilleria,lareynatortilleria,75K,1.3M,68.6K,154,11.4K
512,pepperonimuffin,Kirsten Titus,8.1M,2M,402.6K,934,345
513,mamontellato,Marcela Montellato,5.3M,1.2M,245.3K,1.5K,2K
514,stainedhands,Devyn,2M,1.6M,331.1K,855,1.1K
515,esen_alva,Esen,4.9M,1.6M,270.4K,1.1K,1.3K
516,sabrenorris,Sabre Norris,3.7M,1.9M,178.3K,2.6K,357
517,ikellymarcelino,Kelz,1.9M,3.6M,156.4K,196,1.6K
518,readyfredi,Fredi PÃ¤rs,3.3M,923.4K,202K,2.7K,2.6K
519,thatlittlepuff,ThatLittlePuff,31.6M,3.1M,312.2K,424,597
520,mitsy270,mitsy,2.5M,1.4M,226.1K,1.9K,1.2K
521,munyachawawa,Munya Chawawa,1.4M,1.4M,183K,1.1K,2.7K
522,robleisiutu,Robleis,4.8M,1.3M,270.3K,1.9K,888
523,trishlikefish88,trishapaytas,7.4M,2.2M,274.9K,1K,586
524,bobbialthoff,Bobbi,3.5M,2.9M,207.4K,477,1.1K
525,nattinatasha,Natti Natasha,15.6M,2.6M,249.4K,858,640
526,andy.and.michelle,Andy & Michelle,5.3M,1.6M,228.2K,1.2K,1.4K
527,ive.official,IVE.official,3.3M,1.4M,234.8K,2.1K,789
528,kristy.sarah,Kristy Sarah,6.9M,1.8M,232.5K,997,1.4K
529,yurielkysojeda,Yurielkys Ojeda ğŸ•·,15.2M,1.4M,207.4K,849,2.5K
530,outrasareas,Outras Ãreas,760.7K,1.9M,187.1K,1.1K,1.6K
531,renierb_,renierb,533.1K,775.2K,243.1K,1.9K,3.2K
532,ms.feelingera,Ms. Feelingera,2.7M,3.2M,246.1K,711,503
533,syam_elmarusy,Syams The CEO,3.6M,1.6M,201.5K,1.4K,1.5K
534,meghantrainor,Meghan Trainor,12.3M,2.7M,335.6K,771,271
535,nonatenho,Felipe Nonato,3.4M,1.8M,193.2K,931,1.8K
536,ferchugimenez,Fernanda,8M,2.4M,398.2K,566,411
537,montanaandryan,Montana & Ryan,4M,2.9M,215.9K,648,866
538,unnecessaryinventions,Unnecessary Inventions,5.5M,2.6M,254.2K,982,421
539,joslum,JosÃ© L,13.7M,2.1M,449.5K,524,455
540,masood_boomgaard,masood_boomgaard,635K,799.5K,66K,1.3K,16.1K
541,xibibrothers,Xibi Brothers,8.5M,2.1M,260.6K,479,1.2K
542,kulinaria.recetas,AGUS LIPORACE,4.1M,1.6M,167.5K,218,3.2K
543,dimelonegritow,El negritoğŸ§‘ğŸ¾â€ğŸ¦±,1.2M,1.6M,206.4K,794,2.1K
544,isaac.h.p.karaoke.backup,Isaac H.P Karaoke Backup,1.8M,1.1M,161.6K,1K,4.2K
545,doongool,ğŸ”¥DongolğŸ”¥,3.8M,2.3M,240.4K,794,859
546,nataliamerino,Natalia Merino,684.7K,1.7M,183.3K,1.7K,1.3K
547,dababy,Dababy,7.1M,1.2M,189.8K,2K,2K
548,fahmi.nm,Fahmi,8.6M,2.5M,253.7K,1.1K,410
549,ryansunandar,Ujang SGNğŸ’°,5.5M,957.3K,78.5K,6.8K,5.2K
550,mamalindy,Lindy and Jlo,11.9M,2.5M,169K,1.4K,802
551,fabirommel,Fabi Rommel,431.4K,1.4M,170.6K,619,3.1K
552,nnatalieaguilar,natalie & the aguilars,5.1M,2.5M,358.1K,406,594
553,locofer5,Locofer5,1.1M,1.4M,217.4K,1.8K,1.1K
554,trevorwallace,trevor wallace,8.7M,1.5M,210.4K,441,2.4K
555,robegrill,robegrill,11.2M,1.8M,213.9K,458,1.9K
556,snerixx,Sam Erix,8.4M,1.4M,332K,1.2K,813
557,bu3qeel,abu aqeel ğŸ™†ğŸ»â€â™€ï¸,1.1M,1.7M,118.2K,2.7K,1.7K
558,_monaalawi,mona,12.8M,1.7M,222.1K,2.1K,246
559,shehabeldin100,Shehabeldin,7M,1.8M,188.1K,990,1.6K
560,dktv_official,DKleynTV,861.7K,2M,133.5K,753,2.6K
561,mori.ke,æ£®ã‚±ã®æ—¥å¸¸,1.3M,3.1M,155.1K,786,1.1K
562,mmmjoemele,Joe Mele,23M,2.5M,274.3K,709,569
563,gabryellurlan,Gabryell Urlan,7.1M,1.5M,179.7K,1.5K,1.7K
564,lilpump,Lil Pump,4.4M,1.2M,139.6K,3.2K,2K
565,sabri_anto_30,SABEğŸ‘¶ğŸ»IG:@sabrianto_30,2.8M,2.2M,271.8K,1.2K,284
566,dilanjaniyar,Emang namanya Dilan,2.1M,1.9M,211.6K,1.8K,334
567,carlosferiag,Carlos Feria,41M,3M,210.8K,1.2K,157
568,moneykicks971,Money Kicks,313K,2.5M,248.9K,755,623
569,samanthayve,Samantha Eve,6.5M,1.4M,239.6K,2.2K,497
570,jennmuriel,jenn,5.4M,2.5M,246.8K,506,910
571,rosssmith,Ross Smith,23.1M,987.7K,124.3K,1.2K,5.8K
572,erikconover,Erik Conover,502K,1.3M,115.2K,2.1K,3.6K
573,mrjackskipper,Jack Skipper,314K,1.3M,97.4K,722,5.9K
574,bessan_esmail,Ø¨ÙŠØ³Ø§Ù† Ø§Ø³Ù…Ø§Ø¹ÙŠÙ„ - Bessan Ismail,11.6M,2.2M,136.4K,1.6K,1.3K
575,docdami,Dami,3.9M,2.2M,236.8K,826,780
576,anas_elshayib,Ø§Ù†Ø³ Ø§Ù„Ø´Ø§ÙŠØ¨,4.4M,1.8M,97.9K,2.8K,2.1K
577,finneas,FINNEAS,2.4M,1.7M,242.9K,1.5K,553
578,gordeewa__13,gordeewa__13 :>,13.6M,2.7M,223.3K,1.2K,183
579,juanpazurita,Juanpa Zurita,13.2M,2.6M,331.7K,645,336
580,abo_qamae,Ø§Ø¨Ùˆ Ù‚Ù…Ø§Ø¹ğŸ™‚â¤ï¸,2M,1.6M,137.8K,2K,1.8K
581,drewafualo,Drew Afualo,7.8M,1.3M,275.9K,1.6K,684
582,devincaherly,Devin Caherly,8.8M,2.6M,275.7K,1K,145
583,supremepatty_,Supreme Patty,396.1K,2.4M,194.8K,1.2K,533
584,barstoolsports,Barstool Sports,19.8M,1.9M,198.7K,618,1.5K
585,aml.samirr,Aml SamirğŸ‘‘,6.3M,2.9M,238.2K,479,702
586,dangthuhaf,Äáº·ng Thu HÃ ,1.3M,3.2M,326.6K,579,198
587,hollymurraymakeup,Holly Murray Makeup,6.7M,2M,237.4K,850,856
588,eupereiraoficial,Eu Pereira,7.9M,2.5M,224.5K,676,752
589,fiestabresh,BRESH,355K,1.4M,242.6K,357,2K
590,ajh.10,Ø¹Ø¨ÙˆØ³ÙŠ Ù…Ù‡Ø¯ÙŠ,1.3M,2.6M,77.6K,1.1K,2.9K
591,berkcoskunofficial,Berk CoÅŸkun,3.5M,2.5M,122.1K,875,1.7K
592,babehojol,Babeh Ojol,3.1M,1.8M,135K,1.6K,1.7K
593,safiyany,Safiya Nygaard,2M,1.7M,376.4K,827,413
594,jericktriana,KatheğŸ¤,2.9M,2.1M,147.7K,580,2K
595,clmnsbrock,CLMNS BROCK,1.6M,1.4M,142.4K,614,3.5K
596,0808sakura,ğŸŒ¸æ¡œğŸŒ¸,1.7M,1.3M,141.3K,2.7K,1.6K
597,emilyfauver,emily&ella,3.9M,2.2M,353.2K,428,606
598,beasteater,BeastEater,19.7M,2.4M,270.6K,700,507
599,sofiaespanha,sofia espanha,4.9M,1.8M,238.9K,1.1K,735
600,abbduuu21,Ø¨ÙˆØ´Ù†Ø¨â­ï¸,13.4M,2.3M,178.8K,981,922
601,niallmacmillan,Niall MacMillan,5.7M,1.4M,110.9K,1.7K,3.3K
602,ramdany_eka2,Ramdany Eka,621.4K,1.2M,79.8K,2.6K,5.6K
603,tiamowry,Tia Mowry,6.8M,1.5M,200.6K,1.2K,1.4K
604,nadeemmubarakofficial,NADEEM MUBARAK,10.9M,1.2M,128.3K,4.9K,134
605,gemelasabello2,Gemelas Abello,18.5M,2.8M,226.8K,442,795
606,jannatmirza,J M ğŸ¥€,20.4M,1.8M,186.5K,1.8K,534
607,catherineealicia,catheez,1.8M,1.4M,196.1K,1.7K,1.1K
608,shamzy_,Shamzy,1.6M,914.7K,183.1K,760,3.8K
609,bradley.thor,Thoren Bradley,6.1M,1.5M,143.1K,1.6K,2K
610,yurinya1128,ã‚†ã‚Šã«ã‚ƒ,689.8K,2.7M,149.1K,1.4K,507
611,noeldeyzel_bodybuilder,Noel DeyzelğŸ‡¿ğŸ‡¦,5.6M,1.5M,227.4K,1.2K,999
612,rucenuenda1,Ruce Nuenda,2.4M,2.1M,282.5K,857,415
613,akamztwenty20,Akamz,22.1M,2.2M,197.5K,951,753
614,retomiguel,Jen & Miguel,3.1M,2M,229.4K,245,1.4K
615,niziu_official,NiziU,2.5M,1.5M,110.9K,1.7K,2.7K
616,dermdoctor,DermDoctor | Dr. Shah,16.9M,3.2M,145.9K,774,824
617,ujoaozinho,uJoÃ£ozinho ğŸ¤˜ğŸ»,8.6M,2.8M,320K,482,337
618,thegoldenbalance,The Golden Balance,5.8M,1.7M,160.7K,701,2K
619,karinateixeeira,Karina Teixeira,1.8M,2.1M,227.2K,1.2K,392
620,tomprattx,Tom Pratt,719.4K,1.4M,165.4K,2.2K,1.1K
621,migueltanfelix98,Miguel Tanfelix,5.8M,2.1M,214K,919,692
622,unlabeled_,Paula ğŸ„,1.3M,1.5M,334.2K,1.1K,409
623,sauud_70,Ø³Ø¹ÙˆØ¯ Ø§Ù„Ù‚Ø­Ø·Ø§Ù†ÙŠ,2.1M,2.1M,63K,4K,1.5K
624,justthenobodys,JustTheNobodys,8.7M,1.9M,236K,1.1K,527
625,reemandbarbary,Reem Ùˆ Barbary,3.6M,2.2M,178.3K,815,1.1K
626,elrodcontreras,RODğŸ« ,41.7M,1.8M,257.8K,1.3K,294
627,tabithaswatosh,Tabs,12.8M,2M,349.6K,923,128
628,briandadeyanara,BRIANDA ğŸ’–,34.9M,2.1M,306K,742,363
629,astro_alexandra,ASTRO ALEXANDRA ğŸª,1.8M,1.1M,176.5K,2.1K,1.6K
630,.angel.4u,angel,2.3M,793K,212.2K,588,3.6K
631,michaelrendyw,Michael Rendy W,7.6M,4.5M,221.2K,355,351
632,ox_zung,ì›ì •ë§¨ WonJeong,48.5M,1.9M,217.5K,1.4K,327
633,bstchld,BeastChild,4.6M,1.3M,174.2K,1K,2.2K
634,goub,Goub,16.9M,2.6M,194.9K,652,730
635,ana_eusse,Ana Maria,13.6M,2.8M,363.8K,560,138
636,albert_cancook,albert_cancook,8.7M,2.5M,214.2K,923,380
637,honeybobabear,honeybobabear,8.8M,2.9M,341.7K,504,199
638,taylor_thatdancer,taylor pierce,5.1M,1.4M,185.5K,1.5K,1.2K
639,officialsunnydaze,SUNNY DAZE,2M,1.6M,306.3K,877,571
640,rayanfahmi,Rayoon,3.9M,2.2M,187.4K,709,1K
641,claragnds,Maria Clara Garcia,19M,1.5M,184.2K,1.6K,951
642,kaykai_ntch,Kaykai,7.7M,2.4M,334.1K,698,166
643,alwanr__,AlwanRK,7.2M,2.8M,215.4K,595,552
644,imanthonyvargas,Anthony Vargas,6.7M,1.9M,311.7K,538,625
645,imwilliamdolan,WilliamDolan,1.8M,1.7M,148.2K,1.4K,1.3K
646,cedriklorenzen,Cedrik Lorenzen,3.1M,925.6K,139.1K,2.3K,3K
647,hdbrosriley,Riley the Golden Retriever,990.5K,1M,76.2K,255,8.4K
648,jaidergalindo,Jaider Galindo,3.5M,1.6M,137.6K,396,2.8K
649,phunglai2222,ğ“Ÿğ“±ğ“¾Ì£ğ“·ğ“° ğ“›ğ“ªğ“² ğŸ¤¡,3M,2.4M,254.3K,664,459
650,yoleendadong,LeendaDong,17.8M,1.1M,145.1K,757,3.5K
651,whateverwilson,whateverwilson,2M,822.4K,224.6K,1.8K,1.9K
652,benjikrol,Benji Krol,32.1M,1.6M,222.6K,1.6K,350
653,mexicocookingclub,Calixto Serna,11.3M,1.7M,252.1K,574,1K
654,shayvise,Shayvise,3.8M,1.9M,341.6K,780,269
655,jahdedios.77,jahdedios,1.1M,771.2K,178.6K,3.8K,1.2K
656,endville.bc,ğ–Šğ–“ğ–‰,159.2K,1.2M,219.4K,606,2.1K
657,steveotv,Steve-O,2.4M,1.7M,194K,897,1.2K
658,edwinmendozza,ğ–Šğ–‰ğ–œğ–ğ–“,15.2M,2.8M,307.8K,611,190
659,sherinicolee,sheri,14.3M,3.9M,186.2K,696,235
660,oli_natu,Oli Natu,10.4M,1.9M,294K,512,696
661,yskaela,Yaena Yskaela Fujimoto,10.5M,1.8M,239.4K,618,947
662,anitagroowe,Anita Groowe,4M,1.2M,150.6K,2.3K,1.6K
663,namyulenka,Namy,7M,1.6M,268.1K,1.1K,463
664,_ikyikyyy,ikyikyyy,3.9M,1.4M,147.3K,2.7K,665
665,justmaiko,Michael Le,52.2M,2.3M,237.3K,571,648
666,alexandre_mainardi,Alexandre Mainardi,616.8K,1.5M,96.9K,554,4K
667,jonathanliandii,Jonathan Liandi,1.7M,1.7M,161.6K,1.9K,465
668,lotuscars,Lotus Cars,1.2M,1.2M,221.2K,1.5K,956
669,nathalieholscher14,Nathalie Holscher,7.5M,3.1M,205.4K,515,523
670,ser_jay,Hello Itâ€™s me SerJay,5.4M,1.4M,215.1K,909,1.3K
671,lachlanfairbairn,lachlanfairbairn,896.8K,1.2M,254.1K,818,1.3K
672,yerimuaa,Yeri MUA,3.7M,2.9M,221.8K,825,197
673,itsevanwilliams,itsevanwilliams,1.6M,1.2M,225.4K,666,1.9K
674,kane,kane,3.2M,1.4M,185.9K,772,1.7K
675,melch.cooks,melch.cooks,121.6K,1.6M,156.4K,2K,729
676,pedroallann,Pedroca,1.9M,1.2M,194.3K,1.5K,1.3K
677,jordynjones,Jordyn Jones ğŸ’›,10.8M,2.3M,410.3K,244,449
678,aureliehermansyahatta,Aurelie Hermansyah,9.2M,2.7M,208.5K,645,510
679,rl.carbona,rl carbona,1.2M,1.6M,194.2K,624,1.5K
680,jennifergarner,Jen Garner,3.4M,1.9M,197.7K,1.1K,587
681,carolinarinconf,carolina,6M,2.1M,219.1K,834,572
682,eouainne,Ewen,1.2M,934.9K,224.4K,1.9K,1.2K
683,hoaa.hanassii,ÄÃ o LÃª PhÆ°Æ¡ng Hoa,13.1M,2M,218.3K,1.2K,349
684,neyunn1,neyun,1.2M,2M,162.8K,1.5K,506
685,regitamasri,ReğŸ§šğŸ»â€â™€ï¸| IG : regitamsr,8.9M,2.2M,264.4K,933,169
686,its.michhh,Michel Chavez,32.8M,1.9M,310.8K,885,200
687,jasminechiswell,Jasmine Chiswell,16.2M,2.7M,286.5K,648,180
688,donszn,Don,174K,1.1M,211.6K,1.4K,1.4K
689,iheartmemphis,MEMPHIS ğŸ”¥,13.5M,2.3M,183.5K,1.3K,255
690,basementgang,Basement Gang,5.7M,1.2M,247.3K,726,1.4K
691,officialmjcmatthew,MjcMatthew,4.1M,805.6K,110.2K,2.6K,4.5K
692,jasontan__,Jason Tan,214.2K,1.2M,251.4K,910,1.2K
693,liiza.baez,Liza Baez,7.5M,1.3M,274.7K,1.1K,663
694,andresgjohnson,Andres Johnson256,4.3M,1.1M,134.9K,873,3.6K
695,dudeperfect,Dude Perfect,17.1M,3.5M,337K,360,179
696,julieevlorentzen,julie,3.5M,2.4M,312.5K,613,221
697,alxjames,Alx James,2.2M,663.2K,129.8K,1K,6.2K
698,com.yuta0305,ã€ã‚³ãƒ ãƒ‰ãƒƒãƒˆã€‘ã‚†ã†ãŸ,1.3M,1.2M,154.2K,2.4K,982
699,otakoyakisoba,otakoyakisoba,15.6M,1.9M,161.1K,725,1.3K
700,michou_yt,Michou,7.6M,2M,203.6K,1.3K,182
701,georainbolt,georainbolt,1.3M,1.2M,158.2K,1.7K,1.6K
702,edpeople,Ed People,1.6M,1.8M,211.7K,1.2K,368
703,sibenitoo,SiBenitoo,5.8M,2.4M,138.5K,1.3K,497
704,jerofreixas,jerofreixas,1.7M,1.4M,135.1K,969,2.4K
705,drjuliesmith,Dr Julie | Psychologist,4M,1.2M,143.1K,856,2.7K
706,datdo0803,Äá»— Äáº¡t,7.6M,2M,254.8K,940,251
707,undos,zach,6.3M,1.1M,225.3K,1.5K,964
708,_catben_,Catherine Benson,10.8M,1.7M,190.2K,703,1.2K
709,nutshellanimations,Nutshell Animations,22.1M,1.6M,193.3K,535,1.4K
710,vidhia_r,ğŸ‡Vidhi_RğŸ‡,7.3M,1.1M,139.7K,2.6K,1.3K
711,purpdrank,Jerry Purpdrank,2.4M,3.2M,259.8K,352,373
712,7iprast,ğ—¶ğ—¡ğ—¦ğ—¢ğ— ,4M,1.1M,118.2K,543,4.1K
713,ainedruce91,Itsainedruce,1.2M,2M,190.6K,767,813
714,giovannibonaccinii_,G I O V A N N IğŸ¦‹,931.9K,986.8K,193.6K,1.5K,1.6K
715,scottkress_,scottkress,3.8M,975.3K,197.1K,1.3K,1.8K
716,lauralove5514,LauraLove,7.7M,1.7M,296.2K,912,280
717,zeinazeee,Zeina Zee,3.9M,1.6M,157.8K,1.6K,798
718,kekepalmer,Keke Palmer,6.5M,1M,193.2K,1.4K,1.6K
719,mohaimen.alaa,Ù…Ù‡ÙŠÙ…Ù† Ø¹Ù„Ø§Ø¡,4.3M,1.3M,160.3K,2K,1K
720,bjcalvillo,Brandon Calvillo,4M,1.2M,141.3K,1.9K,1.6K
721,ugolord,âš–ï¸ The TikTok Attorney âš–ï¸,6.3M,1.4M,145.7K,2.5K,420
722,bellaretamosa,bella,5.6M,2.1M,348.1K,481,334
723,nichlmao,Nich,10.7M,2.4M,207.9K,1.1K,107
724,rezo,Rezo,1.7M,1.7M,252.4K,561,861
725,nick.digiovanni,nick.digiovanni,9.3M,2.8M,284.9K,552,186
726,jou.alb,Ø¬ÙˆØ¯ Ø§Ù„Ø¹Ù†Ø²ÙŠ ğŸ,959.7K,1.2M,57.6K,1.4K,7.1K
727,tai.tl2,tai_tl,909.9K,1M,194.5K,910,2.1K
728,mariaziffy,Maria,2.2M,907.8K,175.5K,1.7K,1.9K
729,kerozen_,Kerozen,286.1K,773.2K,71.4K,1.3K,9.2K
730,thehypehouse,The Hype House,21.3M,1.7M,231.2K,1.3K,187
731,kessel_nathan_official,Nathan Kessel,8.8M,2.1M,185.3K,459,1K
732,gabrielmda_,Gabriel Almeida,1.1M,848.5K,158.6K,2K,2.3K
733,ritabuny,RITA,1.4M,949.7K,128.5K,316,4.4K
734,keith.nunes,Keith.Nunes,1.5M,1.8M,135.3K,1.1K,1.2K
735,caro.marafiga,Carolina ğŸŠ,1.3M,894.8K,116.4K,320,5.2K
736,cheekykiddo,alexğŸ¤,4.5M,2.4M,241.3K,460,543
737,juhmazzocco,JÃºlia Mazzocco,8M,1.8M,264.3K,551,675
738,astarbarbers,A Star Barbers,2.5M,2.5M,227.9K,481,533
739,da3bolgaming,Da3bol,964K,2.3M,128.2K,1.4K,586
740,ogikdp,Zona Ogik | YT MELLO PROJECT,4.8M,2.2M,271.8K,544,418
741,notorious_foodie,Notorious Foodie,2.1M,1.7M,115.3K,751,2.1K
742,adamw,Adam W,17.2M,1.5M,174.5K,891,1.3K
743,cristaodedireita,Nikolas Ferreira ğŸ˜ğŸ‡§ğŸ‡·,1M,1.1M,119.1K,1.1K,3.2K
744,ideasabstractas,IDEAS ABSTRACTAS,1.3M,1.1M,72.5K,2.2K,4.8K
745,gabrielvalland,Gabriel Valland,1.4M,1.4M,205.6K,842,1.1K
746,xawado,Ø§ÙˆØ§Ø¯Ùˆ / awado  ğŸ¦,1.3M,1.7M,117.3K,1.2K,1.6K
747,ianboggs,IAN,12.7M,1.9M,189.7K,1.5K,134
748,jadepicon,JADE PICON ğŸŒª,9.1M,1.8M,218.3K,944,512
749,ayanakamachi,ä¸­ç”ºç¶¾,1.5M,2.3M,141.2K,931,818
750,melomatheuss_,Matheus Melo,1.7M,984.4K,184.5K,796,2.3K
751,shankcomics1,Shankcomics,948.7K,1M,168K,2.6K,664
752,mattiastanga,Mattia Stanga,2.8M,1.1M,128K,548,3.4K
753,phamvinh99,Pháº¡m Vinh,2.9M,2.1M,154.1K,1K,702
754,alaa_elsaher,ğŸ©Ø§Ù„Ø³Ø§Ø­Ø±ğŸ©,4.3M,1.5M,131.4K,1.1K,1.7K
755,t_400,Ø¬ÙˆÙ‚ÙŠğŸ’š,3.9M,1.4M,190K,1.5K,699
756,jubiandxian,jubiandxian,6M,1.6M,291.3K,773,411
757,nicareinaa,nica,2.3M,1.1M,163.7K,2.6K,556
758,fernandamotafarhat,Fe,6.2M,2M,144.6K,377,1.5K
759,kiet.ac.quy,Kiá»‡t áº®k Wá»·,3.4M,1.1M,183.1K,2K,737
760,stephpappas,Steph Pappas,2M,1.8M,167.9K,1.4K,360
761,soylizbethrz,Lizbeth RodrÃ­guez,9.9M,2.3M,240.3K,567,408
762,jamroz_,jamroz_,1.1M,731.8K,157.8K,1.6K,3.1K
763,eyavanana,Eya,12.9M,2.2M,269.8K,613,314
764,keisyalevronka_,Keisya Levronka,170.6K,2.2M,127.6K,1.7K,227
765,ipanpers,PanPers,557.9K,1.2M,104.4K,282,3.9K
766,abigelic,abigelic,3M,1.8M,403.9K,438,298
767,katclark86,Kat Clark,2.9M,1.8M,279.8K,896,166
768,kyleandjade_,Kyle and Jade,5.1M,1.4M,128.3K,227,2.7K
769,zainah.mb,Zainah & Minnie,1.9M,886.8K,206.8K,987,1.9K
770,ostrichplug,Urban Rescue Ranch,4.1M,908.1K,190.7K,1.4K,1.7K
771,tra.dang.904,â˜˜ï¸TrÃ  Äáº·ngâ˜˜ï¸,18.9M,1.6M,137.4K,1.9K,569
772,narins.beauty_,Narins Beauty,3.2M,7.4M,120.8K,263,327
773,noesmaltrunks,Maltrunks,1.1M,1.6M,295.6K,576,536
774,yesimresmi1,~YEÅÄ°M,17.2M,2.7M,133.2K,759,703
775,joeynero,Joey Nero,5.3M,1.5M,201.8K,1.2K,576
776,nicsnite,NicSuriano,1.4M,1.1M,107.9K,579,3.7K
777,nikkietutorials,nikkietutorials,6.3M,1.7M,225.3K,554,817
778,olivertree,Oliver Tree,12.5M,1.5M,177.7K,816,1.2K
779,juanchimy,Juan Lopez,3.5M,1M,227.1K,1K,1.2K
780,nytiss,nytiss,7.3M,3.7M,165.4K,535,322
781,satyasalsabila,BILA L nya satuğŸ˜¡,2.8M,2.9M,257.2K,393,318
782,vicblends,VicBlends,13.3M,1.8M,218.1K,888,438
783,mei_asami_,æµ…è¦‹ã‚ã„,1.5M,1.3M,167.8K,1.4K,1K
784,marialuciap29,LÃºcia,3.3M,1.4M,270K,805,571
785,mitzakoff,Mitza,2.1M,1.3M,190.2K,626,1.5K
786,aurcelrichlyy,aurcel,588K,851.5K,166K,881,2.8K
787,nairaakamal1,NOURğŸ§ğŸ¼â€â™€ï¸ğŸ¦…,7.4M,1.5M,179K,794,1.1K
788,nickandcarrie,Nick&Carrie,7.4M,1.6M,219.9K,594,875
789,mateuspesce,Mateus pesce,6.9M,1M,105.7K,1.2K,3.7K
790,muiskid,Mois D. Kid,1.1M,2M,210.1K,535,689
791,sabrinacarpenter,Sabrina Carpenter,12.9M,1.3M,160K,1.8K,673
792,briggi_bozzo,Briggi Bozzo,24.3M,2.9M,352K,340,162
793,barisresmiii,barÄ±ÅŸ dada,12.1M,2.8M,110.8K,1.1K,548
794,diegodiego_,Diego Cruz,8.2M,1.4M,209.2K,1.1K,689
795,tam0626,TÃ¢m Nguyá»…n,404.1K,1.8M,100.2K,1.5K,1.4K
796,mr.mandibulas_,Fernando cortez,3.6M,1.7M,203.8K,994,476
797,joshrichards,Josh Richards,25.7M,1.9M,235.1K,690,450
798,mauyricky,Mau y Ricky,5.6M,3.4M,126.8K,295,899
799,matt_rife,Matt Rife,2.4M,971K,121.9K,1.1K,3.2K
800,lasrecetasdesimon,lasrecetasdesimon,5M,1.6M,132.5K,355,2K
801,albertinasacaca1,Albertina Sacaca Cal,6.6M,2.3M,190.6K,919,231
802,artemmodelka,artemmodelka,714.6K,2.1M,147.1K,1.1K,524
803,nicolassturniolo,Nicolas Sturniolo,3.7M,938.2K,198.3K,2.2K,441
804,dobretwins,Lucas and Marcus,36.3M,2.7M,201.4K,581,353
805,fela.austin,Fela Austin,3.2M,2.1M,247.7K,765,193
806,janeydm,à¸£à¸±à¸Šà¸™à¸ à¸ªà¸¸à¸§à¸£à¸£à¸“à¹€à¸à¸•à¸¸,14.6M,2.3M,235.2K,771,144
807,piyanutella,kentang idamanğŸ¥´,4.9M,1.8M,227.4K,1K,182
808,captincroook,Alex Consani,772.1K,711.8K,210.1K,2K,1.3K
809,seungbin030708,ìŠ¹ë¹ˆğŸ¥,5M,1.9M,189.3K,689,670
810,haldarianta04,Chillda,427.2K,2.1M,180.7K,550,769
811,renpc_,âœ¨Ren PCâœ¨,4.9M,977.1K,211.8K,502,1.9K
812,domowilsonmusicc,Domo Wilson,2.4M,1.3M,204.3K,1.2K,700
813,abrunalouise,Bruna Louise,5.2M,1.4M,227K,380,1.2K
814,mikaelatesta,Mikaela Testa,2.2M,1.6M,231K,1K,310
815,arabjenn,Arab Jenn,828.2K,1.6M,88.4K,1.8K,1.6K
816,javierheria,Jajajavi ğŸ‘¨ğŸ»â€ğŸ¦°,2.1M,1.8M,194.4K,356,1.1K
817,doctormiguelpadilla,Doctor Miguel,6.3M,926.4K,157.5K,1.2K,2.1K
818,kikiandkilo,Kiki and Kilo,1.8M,1.1M,128.2K,548,2.8K
819,averycyrus,Avery Cyrus,8M,2.5M,165.2K,745,400
820,miketoks,Miketoks,13.6M,1.8M,217K,650,592
821,evanmarvino69,Evan Marvino,358.4K,3.6M,118.1K,606,492
822,dcfreestyle,Daniel Cutting,1.3M,1.9M,168.6K,834,669
823,1_alkaisr_1,ğŸ”±ğŸŒ¹Ø§Ù„Ù‚ÙŠØµØ±ğŸŒ¹ğŸ”±,12.3M,1.6M,151.8K,577,1.3K
824,fedevigevani,Fede Vigevani,14.9M,1.4M,179.1K,1.7K,195
825,sanzone,Michael Sanzone,3M,1.7M,287.1K,802,148
826,dpiddy,D-Piddy,3M,1.2M,165.4K,821,1.5K
827,linguini,ğŸ‘¨â€ğŸ³ Ù„ÙŠÙ†Ø¬ÙˆÙŠÙ†ÙŠ ğŸ‘¨â€ğŸ³,7.1M,2.6M,172.6K,832,214
828,cemresolmaz,cemre solmaz,10.4M,1.6M,76.9K,2.7K,1.2K
829,matt_mathews,Matt Mathews,2.2M,789.5K,131.7K,2.3K,2.1K
830,_andrewcurtiss,Andrew Curtis,2.8M,728.4K,138.7K,3.1K,1.5K
831,tuckercomedy,Tucker Reynolds,2.4M,820.4K,149.5K,1K,2.7K
832,tonesterpaints,tonesterpaints,2M,1.1M,109.6K,985,2.8K
833,sjbleau,SJ,13.7M,2.4M,213.2K,553,332
834,ustazebitlew,Ebit Lew,4.3M,1.1M,90.5K,2.4K,2.2K
835,kyoshisad,Kyoshi Sad,1.1M,3.6M,84.2K,1.1K,347
836,mahmoudmahe.r,Ù…Ø­Ù…ÙˆØ¯ Ù…Ø§Ù‡Ø±,4.5M,3.1M,138.1K,821,232
837,mas_nizar,IG: nizar_abzhr31,6.5M,1.5M,209.8K,1.1K,344
838,sabashamaa,Saba Shamaa,1.8M,2.2M,164K,760,486
839,medyrenaldy_,Medy Renaldy ğŸ¥”,5.9M,1.9M,179.1K,943,407
840,vinhlion77777,ğŸ’Vinh Lion,5.8M,3.4M,121.7K,931,157
841,seroundselly,SeroundSelly,204K,2M,133.8K,654,1K
842,goldwin.reyes,POKNAT ğŸ‘§ğŸ¼,2.1M,1.9M,214.3K,559,553
843,forrestsautoreviews,Forrest Jones,5.2M,1.1M,165.2K,1.1K,1.4K
844,ibarrechejavier,Javier Ibarreche,8.1M,1.3M,159.8K,1.1K,1.1K
845,adoriandeck,Adorian Deck,3.4M,824.9K,125.6K,1.2K,3.1K
846,homm9k,Ğ¥ĞĞœĞ¯Ğš,45.4M,1.7M,193.4K,975,359
847,psg,psg,30.7M,1.4M,185.2K,962,790
848,zoifishh,zoifishh,6M,1.9M,259.1K,514,399
849,benoit_chevalier,BenoÃ®t Chevalier,10M,1.5M,146.2K,1.2K,774
850,ktlynraps,Ktlyn,2.2M,1.9M,157.8K,1.2K,293
851,jorgitoparrillero,Jorgito Parrillero,1.5M,1.3M,93K,227,3.5K
852,robertirwin,Robert Irwin,4.6M,838.5K,161.8K,1.3K,1.9K
853,zeinab22saad,Zeinab Saad,2.4M,1.3M,221.4K,901,662
854,max_balegde,Max_Balegde,2.7M,1M,179.2K,1.1K,1.3K
855,thefashioncouple,BUCKS&JANINA,3.8M,1.2M,75K,4.7K,159
856,annaxsitar,anna x,12.1M,2.1M,294.5K,426,294
857,pakoyaso_,Pakoyaso,13.5M,1.7M,191.5K,819,514
858,bashtheentertainer,BashTheEntertainer,11.3M,1.7M,142.7K,712,1.1K
859,roblox,Roblox,10.6M,1.3M,69.4K,4.4K,592
860,noble_son,Noble Son,1.8M,1.3M,137.9K,1.5K,1K
861,benjaminthebaker,Benjamin the baker,815.5K,2.5M,286.4K,185,417
862,toguro,TOGURO,3.7M,881.1K,98.1K,1.7K,3.3K
863,luciosincero,Lucio Sincero,3.8M,1.1M,88.7K,849,3.6K
864,matheusyurley,Matheus Yurley,8.6M,2.3M,196.6K,563,382
865,fionntime,FionnTime,2.6M,807.8K,162.4K,1.5K,1.8K
866,tmi_7,ğŸ¿MR.MOVIEğŸ¥,710.1K,1.2M,49.5K,1.1K,6.1K
867,rug,FaZe Rug,9.5M,1.2M,170.4K,1.8K,315
868,moonandrue,Moon & Rue,813.8K,945.5K,201.5K,1.2K,1K
869,melmaia,Mel Maia ğŸ¯,12.3M,2.2M,181.2K,607,483
870,johaanzu,JohaanZu,4.3M,1.6M,204.7K,871,423
871,osaudosista,Ben-Hur,214.2K,1.3M,145K,890,1.4K
872,bernard_joee,BearrnuttğŸ»,512.8K,1M,130.4K,1.3K,1.8K
873,wildnout,wildnout,11.8M,1.8M,309.8K,195,560
874,nazaninkavari,Nazanin Kavari,792.9K,1.7M,312.5K,334,458
875,joshpeck,Josh Peck,7.8M,2.3M,189.2K,483,483
876,ronaldvallez,Ronald Valles,6.2M,2.7M,127.8K,559,657
877,realrobyn,realrobyn,930.6K,800.5K,190.9K,1.6K,1.2K
878,dennysumargoreal,DENNY SUMARGO,3.4M,2.1M,125.9K,1.1K,437
879,drewbarrymore,Drew Barrymore,6.8M,1.5M,180.6K,1.2K,333
880,anabreco,Ana Brenda,3.7M,2M,202.9K,723,329
881,edakok59,EDA KÃ–K,4.5M,3.1M,117.7K,376,764
882,jmartineze_,josi,23.2M,1.6M,186.7K,998,392
883,gevids,GEVids,11.3M,2.3M,153.3K,772,399
884,gabimfmoura,Gabriela Moura,8.7M,1.5M,219.7K,477,772
885,helena.nataliee,Helena Nataliee,564.5K,2.3M,190.3K,192,748
886,thrdfloor,Adam Blythe,4.5M,2.5M,208.5K,542,254
887,mcskrt,mcskrt,115.9K,1.3M,154.6K,925,1.1K
888,tonylopez,Tony Lopez,23.2M,1.8M,210K,693,386
889,iamhear_official,Anthony Caputo,1.1M,925.1K,95.4K,774,3.8K
890,agc.andy,andy,3.5M,865.4K,222.7K,887,1.2K
891,westbrouck,Mattie,10.1M,1.3M,270.6K,850,306
892,bilal.hd91,Bilal Haddad | Ø¨Ù„Ø§Ù„ Ø§Ù„Ø­Ø¯Ù‘Ø§Ø¯,2.9M,1.1M,141.8K,1.8K,778
893,tonystatovci,TONY STATOVCI,2.8M,848.5K,196.6K,817,1.6K
894,real_animasinopal,Animasinopal,1.9M,1.5M,239.4K,554,577
895,erikaxpriscilla,Erika Priscilla,1.2M,780.5K,170.6K,1K,2K
896,armandosaucedo_,Armando Saucedo,2.9M,944.4K,111.2K,1.7K,2.2K
897,jocoquemx,Jocoque,1.4M,1.6M,198.2K,618,703
898,femadu,femadu,5.1M,829.6K,144.7K,2K,1.4K
899,destroyerofweenie,reagan ğŸª²,309.5K,1.1M,282.9K,866,434
900,keirariff,Keira,5.1M,1.2M,240.6K,597,804
901,leaigounet,leaigounet,520K,1M,110.6K,785,2.9K
902,gavrilinaa,Ğ®Ğ»Ğ¸Ñ Ğ“Ğ°Ğ²Ñ€Ğ¸Ğ»Ğ¸Ğ½Ğ° ğŸ¤,17.4M,1.1M,125.6K,1.3K,1.6K
903,therealhammytv,TheRealHammyTV,15.6M,1.6M,100.4K,386,2.1K
904,linglinglieanti,Ling Ling Lieanti,2M,2.5M,165.6K,690,284
905,diepizzlis,DiePizzlis,925.7K,1.7M,82.5K,1.1K,1.8K
906,eldavidgodoy,David Godoy,2.6M,1.7M,140.6K,492,1.2K
907,ajgreene15,AJğŸ“º,3.5M,1.3M,320K,504,462
908,dominguezbrii,brisa :),2.2M,1.1M,216K,1.2K,509
909,sparklinghosewater,simon mayer,651K,990.2K,236K,336,1.4K
910,imjustinschmidt,Justin Schmidt,5.3M,2.5M,268.6K,477,131
911,iben_ma,Iben M.A.,9M,2M,121.2K,1.5K,131
912,chelseafc,Chelsea FC,11.4M,1.5M,206.6K,814,473
913,izoz.10,Ø¹Ø²ÙˆØ² ÙˆØ§Ùˆ ğŸ˜‚ğŸ™†â€â™‚ï¸,1.5M,1.9M,103.3K,1.5K,513
914,soggyalien22,Mattie Justine,2.4M,965.8K,215.7K,964,944
915,thegoodliars,The Good Liars,1.9M,778.2K,96.4K,2.1K,3.2K
916,judiitharias,Judith Arias,17M,2.7M,247K,422,171
917,joerauth_,Joe rauth,5.6M,1.3M,234.3K,555,741
918,mistermainer,mistermainer,15.6M,1.3M,176.3K,991,799
919,firstnamechris,Chris Punsalan,750K,1.3M,205.1K,899,580
920,marisolvazquez93,Marisol VÃ¡squez,215.9K,2.2M,54K,391,2.9K
921,nabela,nabela,7.5M,2.1M,190.9K,482,500
922,chikn.nuggit,Chikn Nuggit,4.8M,945K,159.5K,2.1K,467
923,yazidzohri,Yazid Zohri,2.8M,1.2M,55.4K,5.3K,632
924,go_barby.yt,ğ†ğ ğğ€ğ‘ğğ˜ ğ˜ğ“,2.1M,1.5M,191.5K,1.2K,178
925,alvarocasaress,Casares Ãlvaro,648.3K,1.6M,130.4K,670,1.3K
926,anas_fikry,Anas fikry,12.1M,1.4M,94.4K,1.8K,1.2K
927,samseats,Sam Way,9.7M,1.4M,189.7K,703,821
928,thednacouple,TheDnaCouple,2.1M,1.3M,106.5K,303,2.6K
929,juliano,juliano,10.6M,1.5M,205.9K,900,340
930,mdrr05,ğŸ‘»Ù…Ø±ÙˆØ§Ù† Ù±Ù„Ø¨Ø¢ØªÙ†ÙŠğŸ‡©ğŸ‡¿,3.1M,2.4M,80K,1.1K,926
931,saamuel225,KJğŸ‘ğŸ½,833.5K,683.8K,150.1K,1.7K,2.1K
932,artbydemarcusshawn,DemarcusShawn,6.3M,788.9K,111.9K,1.6K,2.7K
933,imkevinhart,Kevin Hart,30M,1.3M,134.7K,1.8K,410
934,alwaystaketwo,alwaystaketwo,3.3M,1.5M,167.5K,893,619
935,moniqueyvonne,Monique Yvonne Jones,1M,905.7K,227.5K,877,963
936,bsmallaofficial,Basmala Alaaeldin,6M,2.1M,164.5K,752,343
937,tuckerbudzyn,tuckerbudzyn,10.5M,875.3K,160.9K,630,2.1K
938,gehu.gl,Gerson Garcia,427.4K,868.7K,55.3K,742,7.1K
939,kurtisconner,kurtis conner,2M,639.8K,176.1K,2.1K,1.3K
940,vasilvana1,Silvana14,13M,2M,206.7K,618,282
941,justinsilvajr,Juss_inTimeHD,3.5M,985K,162.1K,1.1K,1.2K
942,havizadevi,Haviza Devi Anjani,381.7K,2.4M,180.3K,438,416
943,faithsfresh,FAITH,1.6M,2.1M,174.1K,281,729
944,nansartt,nansartt,2M,1.5M,297.2K,633,194
945,taeskyss,fina,683.8K,1.2M,189.9K,630,987
946,louiecastro,Louie,4.7M,752.8K,148K,1.5K,1.8K
947,dudamaryah,dudamaryah,6.2M,1.3M,228.3K,553,686
948,igotstinkyfeet,Isaak Bacha ğŸ˜®â€ğŸ’¨,981.1K,984.9K,174K,1.3K,829
949,poloboy,Marco Borghi,7M,1.1M,194.4K,914,803
950,susymourizz,Susy MourizğŸŒ·,8.9M,1.5M,153.4K,798,797
951,itsmenicksmithy2,Nick Smithyman ğŸ˜,13.1M,1.5M,149.5K,833,803
952,moxie2d,Moxie,75.8K,909.9K,147.8K,1.9K,780
953,holaitana,Aitana,2M,1.7M,94.2K,1.4K,846
954,falsefitt,falsefitt,1.5M,981.5K,168.9K,917,1.3K
955,k0uvr,Kouvr,13.6M,2.3M,343.2K,343,116
956,divabry,âšœï¸DIVABRYâšœï¸,3.8M,1M,194.3K,677,1.2K
957,cheekyboyos,the cheeky boyos,11M,1.6M,174.7K,771,557
958,itsjustnyissa,ItsJustNyissa,7.7M,800.9K,123.7K,1.1K,2.5K
959,chrowmiee,chroma,111.2K,834.2K,139.9K,2K,1.1K
960,wasildaoud,WASILğŸ¦‹,8.3M,3M,118K,871,156
961,itsjaydaddy,JAYDADDY,3.3M,937.8K,185.8K,346,1.7K
962,yefersoncossio,Yef,13.6M,2.8M,194.1K,415,238
963,codenamejesse,CodenameJesse,2.9M,1M,168.9K,1.1K,1K
964,midnightmood_oficial,Midnight Mood,16.4M,872.1K,95.2K,249,4K
965,sammy_dao222,Sammy ÄÃ o,2.9M,1.3M,99.3K,2.3K,390
966,peetmontzingo,Peet Montzingo,11.4M,1.6M,208.9K,728,325
967,realmadrid,Real Madrid C.F.,20.8M,1.4M,182K,744,637
968,mrzeooficial,MR ZEO ğŸ‡©ğŸ‡´,17.7M,635.6K,85.3K,1.2K,5.3K
969,maddiegracejepson,Maddie Grace Jepson,1.1M,871K,114K,1.3K,2.2K
970,yasincengiz38,YasinCengiz,3.1M,1.1M,101.3K,1K,2.1K
971,angryreactions,Oneya Dâ€™Amelio,26.6M,1.1M,144K,2.1K,146
972,iniganta,Ganta,1.1M,949.3K,136.4K,1.8K,892
973,le_vincent_le_vrai,Vincent,1.2M,867.4K,135.5K,712,2.3K
974,danielswall,Daniel Wall,1.6M,943.5K,141.3K,690,1.9K
975,djaysonkaravane,Diego,1.1M,1.4M,171.2K,587,923
976,los_escachaitos,Los_Escachaitos,4.9M,1.3M,91.2K,974,2.1K
977,gaboadevaa,GABO ğŸ‘ï¸,1.7M,2M,171.2K,728,288
978,aymanehamedi,Weld Mimoune,1.2M,1.3M,70.2K,556,3.3K
979,nosoychaparro,Luis Chaparro,7.1M,1.6M,257.1K,559,285
980,yizaroff,YIZARO,5.5M,1.4M,194.6K,1.1K,214
981,jhonata_teixeira,portal jhonata teixeira,1.1M,967.2K,202.9K,1.1K,633
982,edwardkso,Edward So,1M,776.7K,119.4K,695,3K
983,gnb.official,GnB,8.1M,1.2M,192.4K,620,876
984,nav,NAV,147.7K,719.2K,106.6K,1.8K,2.7K
985,clarencehousevenues,Clarence House Venues,327.4K,1.3M,107.8K,638,1.9K
986,mrcaqui,Facundo Izquierdo,6.9M,603.4K,152.2K,943,2.8K
987,umereee,Umer Butt,5.9M,1.7M,177.2K,784,355
988,chanymaflaa,ChanelMafla,1.9M,1.2M,206.2K,819,566
989,jaasuzuran,Jaasuzuran,633.1K,832K,82.6K,1.8K,3.2K
990,charlyokei,Charlyokei,4.5M,1.7M,215.4K,520,440
991,8illy,8illy,2.4M,736.8K,183.1K,1.1K,1.4K
992,panterita1680,Panterita,3.3M,754.4K,70K,940,5.5K
993,spicyycam_,Spice King,19.6M,1.3M,166.9K,1.3K,261
994,shaymitchell,Shay Mitchell,7.3M,1.5M,166.1K,672,684
995,goharsguide,Gohar Khan,2.2M,1.8M,241.6K,460,315
996,latiners,latiners,374.9K,1.1M,54.6K,197,5.6K
997,ufozero2,Ufozero2,729.8K,857K,121.5K,519,2.7K
998,aldomirandar,ğŸ˜‚ Aldo Miranda ğŸ˜‚,8.7M,1.2M,165K,346,1.4K
999,rrqr7tatsumaki,Rivaldi Fataah,1.1M,2.5M,130.7K,932,112
1000,c4tluvr666,Kennedy Walsh,2.7M,1M,216.4K,985,487